{"cameraMode":{"drawMode":0,"name":"Shaded","section":"Shading Mode"},"sceneLighting":false,"audioPlay":false,"sceneViewState":{"m_AlwaysRefresh":false,"showFog":true,"showSkybox":false,"showFlares":true,"showImageEffects":true,"showParticleSystems":true,"showVisualEffectGraphs":true,"m_FxEnabled":true},"in2DMode":false,"pivot":{"x":20.719999313354493,"y":0.7049503326416016,"z":1.1920928955078126e-7},"rotation":{"x":-0.12299353629350662,"y":0.008035358041524887,"z":-0.000995833775959909,"w":-0.992376446723938},"size":2.0349061489105226,"orthographic":false}